Frame,Part of frame,Layer,X,Y
3515,95,805306368,95,97
3515,95,805306369,95,215
3515,95,1073741824,95,214
3515,95,1073741825,95,96
3515,96,805306368,96,95
3515,96,805306369,96,214
3515,96,1073741824,96,213
3515,96,1073741825,96,94
3515,97,805306368,97,93
3515,97,805306369,97,213
3515,97,1073741824,97,212
3515,97,1073741825,97,92
3515,98,805306368,98,92
3515,98,805306369,98,213
3515,98,1073741824,98,212
3515,98,1073741825,98,91
3515,99,805306368,99,91
3515,99,805306369,99,212
3515,99,1073741824,99,211
3515,99,1073741825,99,90
3515,100,805306368,100,90
3515,100,805306369,100,211
3515,100,1073741824,100,210
3515,100,1073741825,100,89
3515,101,805306368,101,89
3515,101,805306369,101,211
3515,101,1073741824,101,210
3515,101,1073741825,101,88
3515,102,805306368,102,87
3515,102,805306369,102,210
3515,102,1073741824,102,209
3515,102,1073741825,102,86
3515,103,805306368,103,86
3515,103,805306369,103,210
3515,103,1073741824,103,209
3515,103,1073741825,103,85
3515,104,805306368,104,84
3515,104,805306369,104,209
3515,104,1073741824,104,208
3515,104,1073741825,104,83
3515,105,805306368,105,83
3515,105,805306369,105,208
3515,105,1073741824,105,207
3515,105,1073741825,105,82
3515,106,805306368,106,83
3515,106,805306369,106,208
3515,106,1073741824,106,207
3515,106,1073741825,106,82
3515,107,805306368,107,82
3515,107,805306369,107,207
3515,107,1073741824,107,206
3515,107,1073741825,107,81
3515,108,805306368,108,81
3515,108,805306369,108,206
3515,108,1073741824,108,205
3515,108,1073741825,108,80
3515,109,805306368,109,80
3515,109,805306369,109,206
3515,109,1073741824,109,205
3515,109,1073741825,109,79
3515,110,805306368,110,78
3515,110,805306369,110,206
3515,110,1073741824,110,205
3515,110,1073741825,110,77
3515,111,805306368,111,77
3515,111,805306369,111,206
3515,111,1073741824,111,205
3515,111,1073741825,111,76
3515,112,805306368,112,76
3515,112,805306369,112,207
3515,112,1073741824,112,206
3515,112,1073741825,112,75
3515,113,805306368,113,75
3515,113,805306369,113,207
3515,113,1073741824,113,206
3515,113,1073741825,113,74
3515,114,805306368,114,74
3515,114,805306369,114,207
3515,114,1073741824,114,206
3515,114,1073741825,114,73
3515,115,805306368,115,74
3515,115,805306369,115,207
3515,115,1073741824,115,206
3515,115,1073741825,115,73
3515,116,805306368,116,73
3515,116,805306369,116,208
3515,116,1073741824,116,207
3515,116,1073741825,116,72
3515,117,805306368,117,73
3515,117,805306369,117,208
3515,117,1073741824,117,207
3515,117,1073741825,117,72
3515,118,805306368,118,72
3515,118,805306369,118,208
3515,118,1073741824,118,207
3515,118,1073741825,118,71
3515,119,805306368,119,71
3515,119,805306369,119,209
3515,119,1073741824,119,208
3515,119,1073741825,119,70
3515,120,805306368,120,73
3515,120,805306369,120,210
3515,120,1073741824,120,209
3515,120,1073741825,120,72
3515,121,805306368,121,83
3515,121,805306369,121,210
3515,121,1073741824,121,209
3515,121,1073741825,121,82
3515,122,805306368,122,99
3515,122,805306369,122,210
3515,122,1073741824,122,209
3515,122,1073741825,122,98
3515,123,805306368,123,109
3515,123,805306369,123,210
3515,123,1073741824,123,209
3515,123,1073741825,123,108
3515,124,805306368,124,112
3515,124,805306369,124,113
3515,124,805306370,124,117
3515,124,805306371,124,208
3515,124,1073741824,124,207
3515,124,1073741825,124,116
3515,124,1073741826,124,112
3515,124,1073741827,124,111
3515,125,805306368,125,115
3515,125,805306369,125,210
3515,125,1073741824,125,209
3515,125,1073741825,125,114
3515,126,805306368,126,112
3515,126,805306369,126,210
3515,126,1073741824,126,209
3515,126,1073741825,126,111
3515,127,805306368,127,112
3515,127,805306369,127,210
3515,127,1073741824,127,209
3515,127,1073741825,127,111
3515,128,805306368,128,112
3515,128,805306369,128,210
3515,128,1073741824,128,209
3515,128,1073741825,128,111
3515,129,805306368,129,112
3515,129,805306369,129,209
3515,129,1073741824,129,208
3515,129,1073741825,129,111
3515,130,805306368,130,112
3515,130,805306369,130,208
3515,130,1073741824,130,207
3515,130,1073741825,130,111
3515,131,805306368,131,111
3515,131,805306369,131,208
3515,131,1073741824,131,207
3515,131,1073741825,131,110
3515,132,805306368,132,111
3515,132,805306369,132,209
3515,132,1073741824,132,208
3515,132,1073741825,132,110
3515,133,805306368,133,111
3515,133,805306369,133,210
3515,133,1073741824,133,209
3515,133,1073741825,133,110
3515,134,805306368,134,111
3515,134,805306369,134,210
3515,134,1073741824,134,209
3515,134,1073741825,134,110
3515,135,805306368,135,112
3515,135,805306369,135,211
3515,135,1073741824,135,210
3515,135,1073741825,135,111
3515,136,805306368,136,113
3515,136,805306369,136,212
3515,136,1073741824,136,211
3515,136,1073741825,136,112
3515,137,805306368,137,113
3515,137,805306369,137,213
3515,137,1073741824,137,212
3515,137,1073741825,137,112
3515,138,805306368,138,113
3515,138,805306369,138,213
3515,138,1073741824,138,212
3515,138,1073741825,138,112
3515,139,805306368,139,113
3515,139,805306369,139,163
3515,139,805306370,139,165
3515,139,805306371,139,214
3515,139,1073741824,139,213
3515,139,1073741825,139,164
3515,139,1073741826,139,162
3515,139,1073741827,139,112
3515,140,805306368,140,112
3515,140,805306369,140,159
3515,140,805306370,140,166
3515,140,805306371,140,215
3515,140,1073741824,140,214
3515,140,1073741825,140,165
3515,140,1073741826,140,158
3515,140,1073741827,140,111
3515,141,805306368,141,112
3515,141,805306369,141,154
3515,141,805306370,141,167
3515,141,805306371,141,216
3515,141,1073741824,141,215
3515,141,1073741825,141,166
3515,141,1073741826,141,153
3515,141,1073741827,141,111
3515,142,805306368,142,111
3515,142,805306369,142,149
3515,142,805306370,142,167
3515,142,805306371,142,216
3515,142,1073741824,142,215
3515,142,1073741825,142,166
3515,142,1073741826,142,148
3515,142,1073741827,142,110
3515,143,805306368,143,111
3515,143,805306369,143,145
3515,143,805306370,143,168
3515,143,805306371,143,217
3515,143,1073741824,143,216
3515,143,1073741825,143,167
3515,143,1073741826,143,144
3515,143,1073741827,143,110
3515,144,805306368,144,110
3515,144,805306369,144,139
3515,144,805306370,144,169
3515,144,805306371,144,218
3515,144,1073741824,144,217
3515,144,1073741825,144,168
3515,144,1073741826,144,138
3515,144,1073741827,144,109
3515,145,805306368,145,110
3515,145,805306369,145,133
3515,145,805306370,145,170
3515,145,805306371,145,219
3515,145,1073741824,145,218
3515,145,1073741825,145,169
3515,145,1073741826,145,132
3515,145,1073741827,145,109
3515,146,805306368,146,110
3515,146,805306369,146,127
3515,146,805306370,146,171
3515,146,805306371,146,220
3515,146,1073741824,146,219
3515,146,1073741825,146,170
3515,146,1073741826,146,126
3515,146,1073741827,146,109
3515,147,805306368,147,110
3515,147,805306369,147,124
3515,147,805306370,147,171
3515,147,805306371,147,220
3515,147,1073741824,147,219
3515,147,1073741825,147,170
3515,147,1073741826,147,123
3515,147,1073741827,147,109
3515,148,805306368,148,111
3515,148,805306369,148,121
3515,148,805306370,148,172
3515,148,805306371,148,221
3515,148,1073741824,148,220
3515,148,1073741825,148,171
3515,148,1073741826,148,120
3515,148,1073741827,148,110
3515,149,805306368,149,112
3515,149,805306369,149,117
3515,149,805306370,149,172
3515,149,805306371,149,222
3515,149,1073741824,149,221
3515,149,1073741825,149,171
3515,149,1073741826,149,116
3515,149,1073741827,149,111
3515,150,805306368,150,173
3515,150,805306369,150,223
3515,150,1073741824,150,222
3515,150,1073741825,150,172
3515,151,805306368,151,174
3515,151,805306369,151,224
3515,151,1073741824,151,223
3515,151,1073741825,151,173
3515,152,805306368,152,175
3515,152,805306369,152,187
3515,152,805306370,152,188
3515,152,805306371,152,224
3515,152,1073741824,152,223
3515,152,1073741825,152,187
3515,152,1073741826,152,186
3515,152,1073741827,152,174
3515,153,805306368,153,175
3515,153,805306369,153,186
3515,153,805306370,153,189
3515,153,805306371,153,225
3515,153,1073741824,153,224
3515,153,1073741825,153,188
3515,153,1073741826,153,185
3515,153,1073741827,153,174
3515,154,805306368,154,175
3515,154,805306369,154,184
3515,154,805306370,154,190
3515,154,805306371,154,226
3515,154,1073741824,154,225
3515,154,1073741825,154,189
3515,154,1073741826,154,183
3515,154,1073741827,154,174
3515,155,805306368,155,176
3515,155,805306369,155,183
3515,155,805306370,155,191
3515,155,805306371,155,227
3515,155,1073741824,155,226
3515,155,1073741825,155,190
3515,155,1073741826,155,182
3515,155,1073741827,155,175
3515,156,805306368,156,176
3515,156,805306369,156,181
3515,156,805306370,156,191
3515,156,805306371,156,228
3515,156,1073741824,156,227
3515,156,1073741825,156,190
3515,156,1073741826,156,180
3515,156,1073741827,156,175
3515,157,805306368,157,192
3515,157,805306369,157,229
3515,157,1073741824,157,228
3515,157,1073741825,157,191
3515,158,805306368,158,2
3515,158,805306369,158,193
3515,158,805306370,158,229
3515,158,1073741824,158,228
3515,158,1073741825,158,192
3515,158,1073741826,158,1
3515,159,805306368,159,4
3515,159,805306369,159,194
3515,159,805306370,159,230
3515,159,1073741824,159,229
3515,159,1073741825,159,193
3515,159,1073741826,159,3
3515,160,805306368,160,6
3515,160,805306369,160,194
3515,160,805306370,160,232
3515,160,1073741824,160,231
3515,160,1073741825,160,193
3515,160,1073741826,160,5
3515,161,805306368,161,8
3515,161,805306369,161,195
3515,161,805306370,161,232
3515,161,1073741824,161,231
3515,161,1073741825,161,194
3515,161,1073741826,161,7
3515,162,805306368,162,9
3515,162,805306369,162,196
3515,162,805306370,162,233
3515,162,1073741824,162,232
3515,162,1073741825,162,195
3515,162,1073741826,162,8
3515,163,805306368,163,11
3515,163,805306369,163,196
3515,163,805306370,163,234
3515,163,1073741824,163,233
3515,163,1073741825,163,195
3515,163,1073741826,163,10
3515,164,805306368,164,13
3515,164,805306369,164,197
3515,164,805306370,164,235
3515,164,1073741824,164,234
3515,164,1073741825,164,196
3515,164,1073741826,164,12
3515,165,805306368,165,15
3515,165,805306369,165,198
3515,165,805306370,165,236
3515,165,1073741824,165,235
3515,165,1073741825,165,197
3515,165,1073741826,165,14
3515,166,805306368,166,17
3515,166,805306369,166,199
3515,166,805306370,166,237
3515,166,1073741824,166,236
3515,166,1073741825,166,198
3515,166,1073741826,166,16
3515,167,805306368,167,17
3515,167,805306369,167,199
3515,167,805306370,167,238
3515,167,1073741824,167,237
3515,167,1073741825,167,198
3515,167,1073741826,167,16
3515,168,805306368,168,17
3515,168,805306369,168,200
3515,168,805306370,168,239
3515,168,1073741824,168,238
3515,168,1073741825,168,199
3515,168,1073741826,168,16
3515,169,805306368,169,17
3515,169,805306369,169,201
3515,169,805306370,169,240
3515,169,1073741824,169,239
3515,169,1073741825,169,200
3515,169,1073741826,169,16
3515,170,805306368,170,17
3515,170,805306369,170,202
3515,170,805306370,170,240
3515,170,1073741824,170,239
3515,170,1073741825,170,201
3515,170,1073741826,170,16
3515,171,805306368,171,16
3515,171,805306369,171,202
3515,171,805306370,171,241
3515,171,1073741824,171,240
3515,171,1073741825,171,201
3515,171,1073741826,171,15
3515,172,805306368,172,16
3515,172,805306369,172,203
3515,172,805306370,172,242
3515,172,1073741824,172,241
3515,172,1073741825,172,202
3515,172,1073741826,172,15
3515,173,805306368,173,13
3515,173,805306369,173,204
3515,173,805306370,173,243
3515,173,1073741824,173,242
3515,173,1073741825,173,203
3515,173,1073741826,173,12
3515,174,805306368,174,15
3515,174,805306369,174,204
3515,174,805306370,174,244
3515,174,1073741824,174,243
3515,174,1073741825,174,203
3515,174,1073741826,174,14
3515,175,805306368,175,18
3515,175,805306369,175,205
3515,175,805306370,175,245
3515,175,1073741824,175,244
3515,175,1073741825,175,204
3515,175,1073741826,175,17
3515,176,805306368,176,21
3515,176,805306369,176,206
3515,176,805306370,176,246
3515,176,1073741824,176,245
3515,176,1073741825,176,205
3515,176,1073741826,176,20
3515,177,805306368,177,23
3515,177,805306369,177,206
3515,177,805306370,177,246
3515,177,1073741824,177,245
3515,177,1073741825,177,205
3515,177,1073741826,177,22
3515,178,805306368,178,1
3515,178,805306369,178,4
3515,178,805306370,178,26
3515,178,805306371,178,207
3515,178,805306372,178,247
3515,178,1073741824,178,246
3515,178,1073741825,178,206
3515,178,1073741826,178,25
3515,178,1073741827,178,3
3515,178,1073741828,178,0
3515,179,805306368,179,1
3515,179,805306369,179,7
3515,179,805306370,179,27
3515,179,805306371,179,208
3515,179,805306372,179,247
3515,179,1073741824,179,246
3515,179,1073741825,179,207
3515,179,1073741826,179,26
3515,179,1073741827,179,6
3515,179,1073741828,179,0
3515,180,805306368,180,2
3515,180,805306369,180,8
3515,180,805306370,180,29
3515,180,805306371,180,208
3515,180,805306372,180,248
3515,180,1073741824,180,247
3515,180,1073741825,180,207
3515,180,1073741826,180,28
3515,180,1073741827,180,7
3515,180,1073741828,180,1
3515,181,805306368,181,2
3515,181,805306369,181,9
3515,181,805306370,181,31
3515,181,805306371,181,209
3515,181,805306372,181,248
3515,181,1073741824,181,247
3515,181,1073741825,181,208
3515,181,1073741826,181,30
3515,181,1073741827,181,8
3515,181,1073741828,181,1
3515,182,805306368,182,3
3515,182,805306369,182,10
3515,182,805306370,182,32
3515,182,805306371,182,210
3515,182,805306372,182,249
3515,182,1073741824,182,248
3515,182,1073741825,182,209
3515,182,1073741826,182,31
3515,182,1073741827,182,9
3515,182,1073741828,182,2
3515,183,805306368,183,3
3515,183,805306369,183,10
3515,183,805306370,183,34
3515,183,805306371,183,210
3515,183,805306372,183,249
3515,183,1073741824,183,248
3515,183,1073741825,183,209
3515,183,1073741826,183,33
3515,183,1073741827,183,9
3515,183,1073741828,183,2
3515,184,805306368,184,4
3515,184,805306369,184,11
3515,184,805306370,184,21
3515,184,805306371,184,22
3515,184,805306372,184,35
3515,184,805306373,184,211
3515,184,805306374,184,250
3515,184,1073741824,184,249
3515,184,1073741825,184,210
3515,184,1073741826,184,34
3515,184,1073741827,184,21
3515,184,1073741828,184,20
3515,184,1073741829,184,10
3515,184,1073741830,184,3
3515,185,805306368,185,4
3515,185,805306369,185,12
3515,185,805306370,185,21
3515,185,805306371,185,25
3515,185,805306372,185,37
3515,185,805306373,185,212
3515,185,805306374,185,250
3515,185,1073741824,185,249
3515,185,1073741825,185,211
3515,185,1073741826,185,36
3515,185,1073741827,185,24
3515,185,1073741828,185,20
3515,185,1073741829,185,11
3515,185,1073741830,185,3
3515,186,805306368,186,5
3515,186,805306369,186,12
3515,186,805306370,186,22
3515,186,805306371,186,26
3515,186,805306372,186,38
3515,186,805306373,186,212
3515,186,805306374,186,250
3515,186,1073741824,186,249
3515,186,1073741825,186,211
3515,186,1073741826,186,37
3515,186,1073741827,186,25
3515,186,1073741828,186,21
3515,186,1073741829,186,11
3515,186,1073741830,186,4
3515,187,805306368,187,5
3515,187,805306369,187,13
3515,187,805306370,187,22
3515,187,805306371,187,28
3515,187,805306372,187,39
3515,187,805306373,187,213
3515,187,805306374,187,250
3515,187,1073741824,187,249
3515,187,1073741825,187,212
3515,187,1073741826,187,38
3515,187,1073741827,187,27
3515,187,1073741828,187,21
3515,187,1073741829,187,12
3515,187,1073741830,187,4
3515,188,805306368,188,6
3515,188,805306369,188,13
3515,188,805306370,188,22
3515,188,805306371,188,30
3515,188,805306372,188,40
3515,188,805306373,188,214
3515,188,805306374,188,251
3515,188,1073741824,188,250
3515,188,1073741825,188,213
3515,188,1073741826,188,39
3515,188,1073741827,188,29
3515,188,1073741828,188,21
3515,188,1073741829,188,12
3515,188,1073741830,188,5
3515,189,805306368,189,6
3515,189,805306369,189,13
3515,189,805306370,189,23
3515,189,805306371,189,31
3515,189,805306372,189,41
3515,189,805306373,189,214
3515,189,805306374,189,251
3515,189,805306375,189,327
3515,189,805306376,189,329
3515,189,1073741824,189,328
3515,189,1073741825,189,326
3515,189,1073741826,189,250
3515,189,1073741827,189,213
3515,189,1073741828,189,40
3515,189,1073741829,189,30
3515,189,1073741830,189,22
3515,189,1073741831,189,12
3515,189,1073741832,189,5
3515,190,805306368,190,7
3515,190,805306369,190,14
3515,190,805306370,190,23
3515,190,805306371,190,33
3515,190,805306372,190,42
3515,190,805306373,190,215
3515,190,805306374,190,251
3515,190,805306375,190,323
3515,190,805306376,190,331
3515,190,1073741824,190,330
3515,190,1073741825,190,322
3515,190,1073741826,190,250
3515,190,1073741827,190,214
3515,190,1073741828,190,41
3515,190,1073741829,190,32
3515,190,1073741830,190,22
3515,190,1073741831,190,13
3515,190,1073741832,190,6
3515,191,805306368,191,8
3515,191,805306369,191,14
3515,191,805306370,191,23
3515,191,805306371,191,34
3515,191,805306372,191,43
3515,191,805306373,191,216
3515,191,805306374,191,251
3515,191,805306375,191,321
3515,191,805306376,191,332
3515,191,1073741824,191,331
3515,191,1073741825,191,320
3515,191,1073741826,191,250
3515,191,1073741827,191,215
3515,191,1073741828,191,42
3515,191,1073741829,191,33
3515,191,1073741830,191,22
3515,191,1073741831,191,13
3515,191,1073741832,191,7
3515,192,805306368,192,8
3515,192,805306369,192,14
3515,192,805306370,192,23
3515,192,805306371,192,35
3515,192,805306372,192,44
3515,192,805306373,192,216
3515,192,805306374,192,251
3515,192,805306375,192,318
3515,192,805306376,192,333
3515,192,1073741824,192,332
3515,192,1073741825,192,317
3515,192,1073741826,192,250
3515,192,1073741827,192,215
3515,192,1073741828,192,43
3515,192,1073741829,192,34
3515,192,1073741830,192,22
3515,192,1073741831,192,13
3515,192,1073741832,192,7
3515,193,805306368,193,8
3515,193,805306369,193,15
3515,193,805306370,193,24
3515,193,805306371,193,36
3515,193,805306372,193,45
3515,193,805306373,193,217
3515,193,805306374,193,252
3515,193,805306375,193,317
3515,193,805306376,193,334
3515,193,1073741824,193,333
3515,193,1073741825,193,316
3515,193,1073741826,193,251
3515,193,1073741827,193,216
3515,193,1073741828,193,44
3515,193,1073741829,193,35
3515,193,1073741830,193,23
3515,193,1073741831,193,14
3515,193,1073741832,193,7
3515,194,805306368,194,9
3515,194,805306369,194,15
3515,194,805306370,194,24
3515,194,805306371,194,37
3515,194,805306372,194,46
3515,194,805306373,194,217
3515,194,805306374,194,252
3515,194,805306375,194,315
3515,194,805306376,194,334
3515,194,1073741824,194,333
3515,194,1073741825,194,314
3515,194,1073741826,194,251
3515,194,1073741827,194,216
3515,194,1073741828,194,45
3515,194,1073741829,194,36
3515,194,1073741830,194,23
3515,194,1073741831,194,14
3515,194,1073741832,194,8
3515,195,805306368,195,9
3515,195,805306369,195,15
3515,195,805306370,195,24
3515,195,805306371,195,38
3515,195,805306372,195,47
3515,195,805306373,195,218
3515,195,805306374,195,252
3515,195,805306375,195,313
3515,195,805306376,195,335
3515,195,1073741824,195,334
3515,195,1073741825,195,312
3515,195,1073741826,195,251
3515,195,1073741827,195,217
3515,195,1073741828,195,46
3515,195,1073741829,195,37
3515,195,1073741830,195,23
3515,195,1073741831,195,14
3515,195,1073741832,195,8
3515,196,805306368,196,10
3515,196,805306369,196,15
3515,196,805306370,196,24
3515,196,805306371,196,39
3515,196,805306372,196,47
3515,196,805306373,196,219
3515,196,805306374,196,253
3515,196,805306375,196,312
3515,196,805306376,196,335
3515,196,1073741824,196,334
3515,196,1073741825,196,311
3515,196,1073741826,196,252
3515,196,1073741827,196,218
3515,196,1073741828,196,46
3515,196,1073741829,196,38
3515,196,1073741830,196,23
3515,196,1073741831,196,14
3515,196,1073741832,196,9
3515,197,805306368,197,11
3515,197,805306369,197,15
3515,197,805306370,197,24
3515,197,805306371,197,40
3515,197,805306372,197,48
3515,197,805306373,197,216
3515,197,805306374,197,218
3515,197,805306375,197,219
3515,197,805306376,197,253
3515,197,805306377,197,310
3515,197,805306378,197,335
3515,197,1073741824,197,334
3515,197,1073741825,197,309
3515,197,1073741826,197,252
3515,197,1073741827,197,218
3515,197,1073741828,197,217
3515,197,1073741829,197,215
3515,197,1073741830,197,47
3515,197,1073741831,197,39
3515,197,1073741832,197,23
3515,197,1073741833,197,14
3515,197,1073741834,197,10
3515,198,805306368,198,12
3515,198,805306369,198,15
3515,198,805306370,198,24
3515,198,805306371,198,41
3515,198,805306372,198,49
3515,198,805306373,198,216
3515,198,805306374,198,218
3515,198,805306375,198,220
3515,198,805306376,198,254
3515,198,805306377,198,309
3515,198,805306378,198,335
3515,198,1073741824,198,334
3515,198,1073741825,198,308
3515,198,1073741826,198,253
3515,198,1073741827,198,219
3515,198,1073741828,198,217
3515,198,1073741829,198,215
3515,198,1073741830,198,48
3515,198,1073741831,198,40
3515,198,1073741832,198,23
3515,198,1073741833,198,14
3515,198,1073741834,198,11
3515,199,805306368,199,12
3515,199,805306369,199,15
3515,199,805306370,199,24
3515,199,805306371,199,42
3515,199,805306372,199,49
3515,199,805306373,199,216
3515,199,805306374,199,255
3515,199,805306375,199,307
3515,199,805306376,199,335
3515,199,1073741824,199,334
3515,199,1073741825,199,306
3515,199,1073741826,199,254
3515,199,1073741827,199,215
3515,199,1073741828,199,48
3515,199,1073741829,199,41
3515,199,1073741830,199,23
3515,199,1073741831,199,14
3515,199,1073741832,199,11
3515,200,805306368,200,13
3515,200,805306369,200,15
3515,200,805306370,200,23
3515,200,805306371,200,43
3515,200,805306372,200,50
3515,200,805306373,200,216
3515,200,805306374,200,255
3515,200,805306375,200,306
3515,200,805306376,200,335
3515,200,1073741824,200,334
3515,200,1073741825,200,305
3515,200,1073741826,200,254
3515,200,1073741827,200,215
3515,200,1073741828,200,49
3515,200,1073741829,200,42
3515,200,1073741830,200,22
3515,200,1073741831,200,14
3515,200,1073741832,200,12
3515,201,805306368,201,14
3515,201,805306369,201,15
3515,201,805306370,201,23
3515,201,805306371,201,43
3515,201,805306372,201,50
3515,201,805306373,201,216
3515,201,805306374,201,255
3515,201,805306375,201,304
3515,201,805306376,201,335
3515,201,1073741824,201,334
3515,201,1073741825,201,303
3515,201,1073741826,201,254
3515,201,1073741827,201,215
3515,201,1073741828,201,49
3515,201,1073741829,201,42
3515,201,1073741830,201,22
3515,201,1073741831,201,14
3515,201,1073741832,201,13
3515,202,805306368,202,23
3515,202,805306369,202,44
3515,202,805306370,202,51
3515,202,805306371,202,217
3515,202,805306372,202,255
3515,202,805306373,202,303
3515,202,805306374,202,335
3515,202,1073741824,202,334
3515,202,1073741825,202,302
3515,202,1073741826,202,254
3515,202,1073741827,202,216
3515,202,1073741828,202,50
3515,202,1073741829,202,43
3515,202,1073741830,202,22
3515,203,805306368,203,23
3515,203,805306369,203,45
3515,203,805306370,203,51
3515,203,805306371,203,217
3515,203,805306372,203,257
3515,203,805306373,203,302
3515,203,805306374,203,335
3515,203,1073741824,203,334
3515,203,1073741825,203,301
3515,203,1073741826,203,256
3515,203,1073741827,203,216
3515,203,1073741828,203,50
3515,203,1073741829,203,44
3515,203,1073741830,203,22
3515,204,805306368,204,22
3515,204,805306369,204,45
3515,204,805306370,204,52
3515,204,805306371,204,217
3515,204,805306372,204,257
3515,204,805306373,204,300
3515,204,805306374,204,334
3515,204,1073741824,204,333
3515,204,1073741825,204,299
3515,204,1073741826,204,256
3515,204,1073741827,204,216
3515,204,1073741828,204,51
3515,204,1073741829,204,44
3515,204,1073741830,204,21
3515,205,805306368,205,22
3515,205,805306369,205,46
3515,205,805306370,205,52
3515,205,805306371,205,105
3515,205,805306372,205,106
3515,205,805306373,205,107
3515,205,805306374,205,109
3515,205,805306375,205,217
3515,205,805306376,205,257
3515,205,805306377,205,299
3515,205,805306378,205,333
3515,205,1073741824,205,332
3515,205,1073741825,205,298
3515,205,1073741826,205,256
3515,205,1073741827,205,216
3515,205,1073741828,205,108
3515,205,1073741829,205,106
3515,205,1073741830,205,105
3515,205,1073741831,205,104
3515,205,1073741832,205,51
3515,205,1073741833,205,45
3515,205,1073741834,205,21
3515,206,805306368,206,21
3515,206,805306369,206,46
3515,206,805306370,206,52
3515,206,805306371,206,102
3515,206,805306372,206,110
3515,206,805306373,206,217
3515,206,805306374,206,256
3515,206,805306375,206,298
3515,206,805306376,206,333
3515,206,1073741824,206,332
3515,206,1073741825,206,297
3515,206,1073741826,206,255
3515,206,1073741827,206,216
3515,206,1073741828,206,109
3515,206,1073741829,206,101
3515,206,1073741830,206,51
3515,206,1073741831,206,45
3515,206,1073741832,206,20
3515,207,805306368,207,21
3515,207,805306369,207,47
3515,207,805306370,207,53
3515,207,805306371,207,100
3515,207,805306372,207,110
3515,207,805306373,207,217
3515,207,805306374,207,256
3515,207,805306375,207,297
3515,207,805306376,207,332
3515,207,1073741824,207,331
3515,207,1073741825,207,296
3515,207,1073741826,207,255
3515,207,1073741827,207,216
3515,207,1073741828,207,109
3515,207,1073741829,207,99
3515,207,1073741830,207,52
3515,207,1073741831,207,46
3515,207,1073741832,207,20
3515,208,805306368,208,20
3515,208,805306369,208,47
3515,208,805306370,208,53
3515,208,805306371,208,98
3515,208,805306372,208,110
3515,208,805306373,208,217
3515,208,805306374,208,256
3515,208,805306375,208,295
3515,208,805306376,208,331
3515,208,1073741824,208,330
3515,208,1073741825,208,294
3515,208,1073741826,208,255
3515,208,1073741827,208,216
3515,208,1073741828,208,109
3515,208,1073741829,208,97
3515,208,1073741830,208,52
3515,208,1073741831,208,46
3515,208,1073741832,208,19
3515,209,805306368,209,20
3515,209,805306369,209,47
3515,209,805306370,209,53
3515,209,805306371,209,97
3515,209,805306372,209,110
3515,209,805306373,209,217
3515,209,805306374,209,255
3515,209,805306375,209,294
3515,209,805306376,209,330
3515,209,1073741824,209,329
3515,209,1073741825,209,293
3515,209,1073741826,209,254
3515,209,1073741827,209,216
3515,209,1073741828,209,109
3515,209,1073741829,209,96
3515,209,1073741830,209,52
3515,209,1073741831,209,46
3515,209,1073741832,209,19
3515,210,805306368,210,20
3515,210,805306369,210,48
3515,210,805306370,210,53
3515,210,805306371,210,96
3515,210,805306372,210,110
3515,210,805306373,210,217
3515,210,805306374,210,255
3515,210,805306375,210,293
3515,210,805306376,210,328
3515,210,1073741824,210,327
3515,210,1073741825,210,292
3515,210,1073741826,210,254
3515,210,1073741827,210,216
3515,210,1073741828,210,109
3515,210,1073741829,210,95
3515,210,1073741830,210,52
3515,210,1073741831,210,47
3515,210,1073741832,210,19
3515,211,805306368,211,21
3515,211,805306369,211,48
3515,211,805306370,211,53
3515,211,805306371,211,94
3515,211,805306372,211,109
3515,211,805306373,211,217
3515,211,805306374,211,255
3515,211,805306375,211,293
3515,211,805306376,211,328
3515,211,1073741824,211,327
3515,211,1073741825,211,292
3515,211,1073741826,211,254
3515,211,1073741827,211,216
3515,211,1073741828,211,108
3515,211,1073741829,211,93
3515,211,1073741830,211,52
3515,211,1073741831,211,47
3515,211,1073741832,211,20
3515,212,805306368,212,22
3515,212,805306369,212,48
3515,212,805306370,212,53
3515,212,805306371,212,94
3515,212,805306372,212,109
3515,212,805306373,212,217
3515,212,805306374,212,255
3515,212,805306375,212,292
3515,212,805306376,212,326
3515,212,1073741824,212,325
3515,212,1073741825,212,291
3515,212,1073741826,212,254
3515,212,1073741827,212,216
3515,212,1073741828,212,108
3515,212,1073741829,212,93
3515,212,1073741830,212,52
3515,212,1073741831,212,47
3515,212,1073741832,212,21
3515,213,805306368,213,23
3515,213,805306369,213,48
3515,213,805306370,213,53
3515,213,805306371,213,92
3515,213,805306372,213,100
3515,213,805306373,213,102
3515,213,805306374,213,108
3515,213,805306375,213,217
3515,213,805306376,213,254
3515,213,805306377,213,292
3515,213,805306378,213,325
3515,213,1073741824,213,324
3515,213,1073741825,213,291
3515,213,1073741826,213,253
3515,213,1073741827,213,216
3515,213,1073741828,213,107
3515,213,1073741829,213,101
3515,213,1073741830,213,99
3515,213,1073741831,213,91
3515,213,1073741832,213,52
3515,213,1073741833,213,47
3515,213,1073741834,213,22
3515,214,805306368,214,24
3515,214,805306369,214,48
3515,214,805306370,214,53
3515,214,805306371,214,92
3515,214,805306372,214,98
3515,214,805306373,214,101
3515,214,805306374,214,107
3515,214,805306375,214,218
3515,214,805306376,214,254
3515,214,805306377,214,291
3515,214,805306378,214,324
3515,214,1073741824,214,323
3515,214,1073741825,214,290
3515,214,1073741826,214,253
3515,214,1073741827,214,217
3515,214,1073741828,214,106
3515,214,1073741829,214,100
3515,214,1073741830,214,97
3515,214,1073741831,214,91
3515,214,1073741832,214,52
3515,214,1073741833,214,47
3515,214,1073741834,214,23
3515,215,805306368,215,24
3515,215,805306369,215,48
3515,215,805306370,215,53
3515,215,805306371,215,91
3515,215,805306372,215,97
3515,215,805306373,215,100
3515,215,805306374,215,106
3515,215,805306375,215,129
3515,215,805306376,215,131
3515,215,805306377,215,218
3515,215,805306378,215,254
3515,215,805306379,215,291
3515,215,805306380,215,323
3515,215,1073741824,215,322
3515,215,1073741825,215,290
3515,215,1073741826,215,253
3515,215,1073741827,215,217
3515,215,1073741828,215,130
3515,215,1073741829,215,128
3515,215,1073741830,215,105
3515,215,1073741831,215,99
3515,215,1073741832,215,96
3515,215,1073741833,215,90
3515,215,1073741834,215,52
3515,215,1073741835,215,47
3515,215,1073741836,215,23
3515,216,805306368,216,26
3515,216,805306369,216,48
3515,216,805306370,216,52
3515,216,805306371,216,90
3515,216,805306372,216,96
3515,216,805306373,216,100
3515,216,805306374,216,105
3515,216,805306375,216,116
3515,216,805306376,216,119
3515,216,805306377,216,128
3515,216,805306378,216,131
3515,216,805306379,216,218
3515,216,805306380,216,253
3515,216,805306381,216,291
3515,216,805306382,216,321
3515,216,1073741824,216,320
3515,216,1073741825,216,290
3515,216,1073741826,216,252
3515,216,1073741827,216,217
3515,216,1073741828,216,130
3515,216,1073741829,216,127
3515,216,1073741830,216,118
3515,216,1073741831,216,115
3515,216,1073741832,216,104
3515,216,1073741833,216,99
3515,216,1073741834,216,95
3515,216,1073741835,216,89
3515,216,1073741836,216,51
3515,216,1073741837,216,47
3515,216,1073741838,216,25
3515,217,805306368,217,27
3515,217,805306369,217,47
3515,217,805306370,217,52
3515,217,805306371,217,89
3515,217,805306372,217,95
3515,217,805306373,217,99
3515,217,805306374,217,105
3515,217,805306375,217,112
3515,217,805306376,217,120
3515,217,805306377,217,127
3515,217,805306378,217,132
3515,217,805306379,217,218
3515,217,805306380,217,253
3515,217,805306381,217,284
3515,217,805306382,217,287
3515,217,805306383,217,290
3515,217,805306384,217,320
3515,217,1073741824,217,319
3515,217,1073741825,217,289
3515,217,1073741826,217,286
3515,217,1073741827,217,283
3515,217,1073741828,217,252
3515,217,1073741829,217,217
3515,217,1073741830,217,131
3515,217,1073741831,217,126
3515,217,1073741832,217,119
3515,217,1073741833,217,111
3515,217,1073741834,217,104
3515,217,1073741835,217,98
3515,217,1073741836,217,94
3515,217,1073741837,217,88
3515,217,1073741838,217,51
3515,217,1073741839,217,46
3515,217,1073741840,217,26
3515,218,805306368,218,28
3515,218,805306369,218,47
3515,218,805306370,218,52
3515,218,805306371,218,89
3515,218,805306372,218,94
3515,218,805306373,218,98
3515,218,805306374,218,104
3515,218,805306375,218,108
3515,218,805306376,218,121
3515,218,805306377,218,124
3515,218,805306378,218,133
3515,218,805306379,218,218
3515,218,805306380,218,253
3515,218,805306381,218,283
3515,218,805306382,218,319
3515,218,1073741824,218,318
3515,218,1073741825,218,282
3515,218,1073741826,218,252
3515,218,1073741827,218,217
3515,218,1073741828,218,132
3515,218,1073741829,218,123
3515,218,1073741830,218,120
3515,218,1073741831,218,107
3515,218,1073741832,218,103
3515,218,1073741833,218,97
3515,218,1073741834,218,93
3515,218,1073741835,218,88
3515,218,1073741836,218,51
3515,218,1073741837,218,46
3515,218,1073741838,218,27
3515,219,805306368,219,29
3515,219,805306369,219,47
3515,219,805306370,219,52
3515,219,805306371,219,88
3515,219,805306372,219,94
3515,219,805306373,219,98
3515,219,805306374,219,104
3515,219,805306375,219,105
3515,219,805306376,219,135
3515,219,805306377,219,219
3515,219,805306378,219,252
3515,219,805306379,219,282
3515,219,805306380,219,317
3515,219,1073741824,219,316
3515,219,1073741825,219,281
3515,219,1073741826,219,251
3515,219,1073741827,219,218
3515,219,1073741828,219,134
3515,219,1073741829,219,104
3515,219,1073741830,219,103
3515,219,1073741831,219,97
3515,219,1073741832,219,93
3515,219,1073741833,219,87
3515,219,1073741834,219,51
3515,219,1073741835,219,46
3515,219,1073741836,219,28
3515,220,805306368,220,31
3515,220,805306369,220,47
3515,220,805306370,220,51
3515,220,805306371,220,88
3515,220,805306372,220,93
3515,220,805306373,220,97
3515,220,805306374,220,136
3515,220,805306375,220,218
3515,220,805306376,220,252
3515,220,805306377,220,278
3515,220,805306378,220,316
3515,220,1073741824,220,315
3515,220,1073741825,220,277
3515,220,1073741826,220,251
3515,220,1073741827,220,217
3515,220,1073741828,220,135
3515,220,1073741829,220,96
3515,220,1073741830,220,92
3515,220,1073741831,220,87
3515,220,1073741832,220,50
3515,220,1073741833,220,46
3515,220,1073741834,220,30
3515,221,805306368,221,32
3515,221,805306369,221,46
3515,221,805306370,221,51
3515,221,805306371,221,87
3515,221,805306372,221,92
3515,221,805306373,221,96
3515,221,805306374,221,138
3515,221,805306375,221,218
3515,221,805306376,221,252
3515,221,805306377,221,278
3515,221,805306378,221,315
3515,221,1073741824,221,314
3515,221,1073741825,221,277
3515,221,1073741826,221,251
3515,221,1073741827,221,217
3515,221,1073741828,221,137
3515,221,1073741829,221,95
3515,221,1073741830,221,91
3515,221,1073741831,221,86
3515,221,1073741832,221,50
3515,221,1073741833,221,45
3515,221,1073741834,221,31
3515,222,805306368,222,34
3515,222,805306369,222,46
3515,222,805306370,222,51
3515,222,805306371,222,87
3515,222,805306372,222,92
3515,222,805306373,222,96
3515,222,805306374,222,142
3515,222,805306375,222,218
3515,222,805306376,222,252
3515,222,805306377,222,277
3515,222,805306378,222,313
3515,222,1073741824,222,312
3515,222,1073741825,222,276
3515,222,1073741826,222,251
3515,222,1073741827,222,217
3515,222,1073741828,222,141
3515,222,1073741829,222,95
3515,222,1073741830,222,91
3515,222,1073741831,222,86
3515,222,1073741832,222,50
3515,222,1073741833,222,45
3515,222,1073741834,222,33
3515,223,805306368,223,35
3515,223,805306369,223,46
3515,223,805306370,223,50
3515,223,805306371,223,86
3515,223,805306372,223,91
3515,223,805306373,223,95
3515,223,805306374,223,145
3515,223,805306375,223,203
3515,223,805306376,223,204
3515,223,805306377,223,218
3515,223,805306378,223,251
3515,223,805306379,223,277
3515,223,805306380,223,312
3515,223,1073741824,223,311
3515,223,1073741825,223,276
3515,223,1073741826,223,250
3515,223,1073741827,223,217
3515,223,1073741828,223,203
3515,223,1073741829,223,202
3515,223,1073741830,223,144
3515,223,1073741831,223,94
3515,223,1073741832,223,90
3515,223,1073741833,223,85
3515,223,1073741834,223,49
3515,223,1073741835,223,45
3515,223,1073741836,223,34
3515,224,805306368,224,37
3515,224,805306369,224,45
3515,224,805306370,224,50
3515,224,805306371,224,86
3515,224,805306372,224,91
3515,224,805306373,224,95
3515,224,805306374,224,146
3515,224,805306375,224,202
3515,224,805306376,224,205
3515,224,805306377,224,218
3515,224,805306378,224,251
3515,224,805306379,224,276
3515,224,805306380,224,310
3515,224,1073741824,224,309
3515,224,1073741825,224,275
3515,224,1073741826,224,250
3515,224,1073741827,224,217
3515,224,1073741828,224,204
3515,224,1073741829,224,201
3515,224,1073741830,224,145
3515,224,1073741831,224,94
3515,224,1073741832,224,90
3515,224,1073741833,224,85
3515,224,1073741834,224,49
3515,224,1073741835,224,44
3515,224,1073741836,224,36
3515,225,805306368,225,38
3515,225,805306369,225,45
3515,225,805306370,225,50
3515,225,805306371,225,85
3515,225,805306372,225,90
3515,225,805306373,225,94
3515,225,805306374,225,146
3515,225,805306375,225,201
3515,225,805306376,225,205
3515,225,805306377,225,217
3515,225,805306378,225,251
3515,225,805306379,225,272
3515,225,805306380,225,309
3515,225,1073741824,225,308
3515,225,1073741825,225,271
3515,225,1073741826,225,250
3515,225,1073741827,225,216
3515,225,1073741828,225,204
3515,225,1073741829,225,200
3515,225,1073741830,225,145
3515,225,1073741831,225,93
3515,225,1073741832,225,89
3515,225,1073741833,225,84
3515,225,1073741834,225,49
3515,225,1073741835,225,44
3515,225,1073741836,225,37
3515,226,805306368,226,40
3515,226,805306369,226,45
3515,226,805306370,226,49
3515,226,805306371,226,85
3515,226,805306372,226,90
3515,226,805306373,226,94
3515,226,805306374,226,147
3515,226,805306375,226,200
3515,226,805306376,226,205
3515,226,805306377,226,217
3515,226,805306378,226,251
3515,226,805306379,226,271
3515,226,805306380,226,308
3515,226,1073741824,226,307
3515,226,1073741825,226,270
3515,226,1073741826,226,250
3515,226,1073741827,226,216
3515,226,1073741828,226,204
3515,226,1073741829,226,199
3515,226,1073741830,226,146
3515,226,1073741831,226,93
3515,226,1073741832,226,89
3515,226,1073741833,226,84
3515,226,1073741834,226,48
3515,226,1073741835,226,44
3515,226,1073741836,226,39
3515,227,805306368,227,42
3515,227,805306369,227,45
3515,227,805306370,227,49
3515,227,805306371,227,84
3515,227,805306372,227,89
3515,227,805306373,227,93
3515,227,805306374,227,98
3515,227,805306375,227,99
3515,227,805306376,227,147
3515,227,805306377,227,199
3515,227,805306378,227,206
3515,227,805306379,227,217
3515,227,805306380,227,251
3515,227,805306381,227,271
3515,227,805306382,227,306
3515,227,1073741824,227,305
3515,227,1073741825,227,270
3515,227,1073741826,227,250
3515,227,1073741827,227,216
3515,227,1073741828,227,205
3515,227,1073741829,227,198
3515,227,1073741830,227,146
3515,227,1073741831,227,98
3515,227,1073741832,227,97
3515,227,1073741833,227,92
3515,227,1073741834,227,88
3515,227,1073741835,227,83
3515,227,1073741836,227,48
3515,227,1073741837,227,44
3515,227,1073741838,227,41
3515,228,805306368,228,49
3515,228,805306369,228,84
3515,228,805306370,228,89
3515,228,805306371,228,93
3515,228,805306372,228,97
3515,228,805306373,228,99
3515,228,805306374,228,147
3515,228,805306375,228,199
3515,228,805306376,228,206
3515,228,805306377,228,217
3515,228,805306378,228,251
3515,228,805306379,228,264
3515,228,805306380,228,268
3515,228,805306381,228,270
3515,228,805306382,228,305
3515,228,1073741824,228,304
3515,228,1073741825,228,269
3515,228,1073741826,228,267
3515,228,1073741827,228,263
3515,228,1073741828,228,250
3515,228,1073741829,228,216
3515,228,1073741830,228,205
3515,228,1073741831,228,198
3515,228,1073741832,228,146
3515,228,1073741833,228,98
3515,228,1073741834,228,96
3515,228,1073741835,228,92
3515,228,1073741836,228,88
3515,228,1073741837,228,83
3515,228,1073741838,228,48
3515,229,805306368,229,49
3515,229,805306369,229,83
3515,229,805306370,229,88
3515,229,805306371,229,92
3515,229,805306372,229,97
3515,229,805306373,229,99
3515,229,805306374,229,147
3515,229,805306375,229,198
3515,229,805306376,229,206
3515,229,805306377,229,217
3515,229,805306378,229,251
3515,229,805306379,229,263
3515,229,805306380,229,303
3515,229,1073741824,229,302
3515,229,1073741825,229,262
3515,229,1073741826,229,250
3515,229,1073741827,229,216
3515,229,1073741828,229,205
3515,229,1073741829,229,197
3515,229,1073741830,229,146
3515,229,1073741831,229,98
3515,229,1073741832,229,96
3515,229,1073741833,229,91
3515,229,1073741834,229,87
3515,229,1073741835,229,82
3515,229,1073741836,229,48
3515,230,805306368,230,50
3515,230,805306369,230,83
3515,230,805306370,230,88
3515,230,805306371,230,91
3515,230,805306372,230,96
3515,230,805306373,230,99
3515,230,805306374,230,148
3515,230,805306375,230,197
3515,230,805306376,230,206
3515,230,805306377,230,217
3515,230,805306378,230,251
3515,230,805306379,230,262
3515,230,805306380,230,302
3515,230,1073741824,230,301
3515,230,1073741825,230,261
3515,230,1073741826,230,250
3515,230,1073741827,230,216
3515,230,1073741828,230,205
3515,230,1073741829,230,196
3515,230,1073741830,230,147
3515,230,1073741831,230,98
3515,230,1073741832,230,95
3515,230,1073741833,230,90
3515,230,1073741834,230,87
3515,230,1073741835,230,82
3515,230,1073741836,230,49
3515,231,805306368,231,50
3515,231,805306369,231,83
3515,231,805306370,231,88
3515,231,805306371,231,91
3515,231,805306372,231,96
3515,231,805306373,231,99
3515,231,805306374,231,148
3515,231,805306375,231,196
3515,231,805306376,231,206
3515,231,805306377,231,216
3515,231,805306378,231,251
3515,231,805306379,231,259
3515,231,805306380,231,300
3515,231,1073741824,231,299
3515,231,1073741825,231,258
3515,231,1073741826,231,250
3515,231,1073741827,231,215
3515,231,1073741828,231,205
3515,231,1073741829,231,195
3515,231,1073741830,231,147
3515,231,1073741831,231,98
3515,231,1073741832,231,95
3515,231,1073741833,231,90
3515,231,1073741834,231,87
3515,231,1073741835,231,82
3515,231,1073741836,231,49
3515,232,805306368,232,51
3515,232,805306369,232,82
3515,232,805306370,232,87
3515,232,805306371,232,91
3515,232,805306372,232,95
3515,232,805306373,232,100
3515,232,805306374,232,149
3515,232,805306375,232,195
3515,232,805306376,232,207
3515,232,805306377,232,216
3515,232,805306378,232,252
3515,232,805306379,232,257
3515,232,805306380,232,299
3515,232,1073741824,232,298
3515,232,1073741825,232,256
3515,232,1073741826,232,251
3515,232,1073741827,232,215
3515,232,1073741828,232,206
3515,232,1073741829,232,194
3515,232,1073741830,232,148
3515,232,1073741831,232,99
3515,232,1073741832,232,94
3515,232,1073741833,232,90
3515,232,1073741834,232,86
3515,232,1073741835,232,81
3515,232,1073741836,232,50
3515,233,805306368,233,52
3515,233,805306369,233,82
3515,233,805306370,233,87
3515,233,805306371,233,90
3515,233,805306372,233,95
3515,233,805306373,233,100
3515,233,805306374,233,149
3515,233,805306375,233,195
3515,233,805306376,233,207
3515,233,805306377,233,216
3515,233,805306378,233,252
3515,233,805306379,233,255
3515,233,805306380,233,298
3515,233,805306381,233,356
3515,233,1073741824,233,355
3515,233,1073741825,233,297
3515,233,1073741826,233,254
3515,233,1073741827,233,251
3515,233,1073741828,233,215
3515,233,1073741829,233,206
3515,233,1073741830,233,194
3515,233,1073741831,233,148
3515,233,1073741832,233,99
3515,233,1073741833,233,94
3515,233,1073741834,233,89
3515,233,1073741835,233,86
3515,233,1073741836,233,81
3515,233,1073741837,233,51
3515,234,805306368,234,53
3515,234,805306369,234,82
3515,234,805306370,234,87
3515,234,805306371,234,90
3515,234,805306372,234,94
3515,234,805306373,234,101
3515,234,805306374,234,150
3515,234,805306375,234,194
3515,234,805306376,234,207
3515,234,805306377,234,215
3515,234,805306378,234,252
3515,234,805306379,234,254
3515,234,805306380,234,297
3515,234,805306381,234,351
3515,234,1073741824,234,350
3515,234,1073741825,234,296
3515,234,1073741826,234,253
3515,234,1073741827,234,251
3515,234,1073741828,234,214
3515,234,1073741829,234,206
3515,234,1073741830,234,193
3515,234,1073741831,234,149
3515,234,1073741832,234,100
3515,234,1073741833,234,93
3515,234,1073741834,234,89
3515,234,1073741835,234,86
3515,234,1073741836,234,81
3515,234,1073741837,234,52
3515,235,805306368,235,57
3515,235,805306369,235,81
3515,235,805306370,235,86
3515,235,805306371,235,89
3515,235,805306372,235,94
3515,235,805306373,235,101
3515,235,805306374,235,150
3515,235,805306375,235,194
3515,235,805306376,235,208
3515,235,805306377,235,210
3515,235,805306378,235,298
3515,235,805306379,235,346
3515,235,1073741824,235,345
3515,235,1073741825,235,297
3515,235,1073741826,235,209
3515,235,1073741827,235,207
3515,235,1073741828,235,193
3515,235,1073741829,235,149
3515,235,1073741830,235,100
3515,235,1073741831,235,93
3515,235,1073741832,235,88
3515,235,1073741833,235,85
3515,235,1073741834,235,80
3515,235,1073741835,235,56
3515,236,805306368,236,68
3515,236,805306369,236,81
3515,236,805306370,236,86
3515,236,805306371,236,89
3515,236,805306372,236,93
3515,236,805306373,236,100
3515,236,805306374,236,151
3515,236,805306375,236,193
3515,236,805306376,236,298
3515,236,805306377,236,340
3515,236,1073741824,236,339
3515,236,1073741825,236,297
3515,236,1073741826,236,192
3515,236,1073741827,236,150
3515,236,1073741828,236,99
3515,236,1073741829,236,92
3515,236,1073741830,236,88
3515,236,1073741831,236,85
3515,236,1073741832,236,80
3515,236,1073741833,236,67
3515,237,805306368,237,71
3515,237,805306369,237,81
3515,237,805306370,237,86
3515,237,805306371,237,88
3515,237,805306372,237,93
3515,237,805306373,237,100
3515,237,805306374,237,152
3515,237,805306375,237,192
3515,237,805306376,237,299
3515,237,805306377,237,335
3515,237,1073741824,237,334
3515,237,1073741825,237,298
3515,237,1073741826,237,191
3515,237,1073741827,237,151
3515,237,1073741828,237,99
3515,237,1073741829,237,92
3515,237,1073741830,237,87
3515,237,1073741831,237,85
3515,237,1073741832,237,80
3515,237,1073741833,237,70
3515,238,805306368,238,74
3515,238,805306369,238,80
3515,238,805306370,238,85
3515,238,805306371,238,88
3515,238,805306372,238,92
3515,238,805306373,238,99
3515,238,805306374,238,152
3515,238,805306375,238,191
3515,238,805306376,238,299
3515,238,805306377,238,331
3515,238,1073741824,238,330
3515,238,1073741825,238,298
3515,238,1073741826,238,190
3515,238,1073741827,238,151
3515,238,1073741828,238,98
3515,238,1073741829,238,91
3515,238,1073741830,238,87
3515,238,1073741831,238,84
3515,238,1073741832,238,79
3515,238,1073741833,238,73
3515,239,805306368,239,54
3515,239,805306369,239,59
3515,239,805306370,239,76
3515,239,805306371,239,80
3515,239,805306372,239,85
3515,239,805306373,239,88
3515,239,805306374,239,92
3515,239,805306375,239,98
3515,239,805306376,239,153
3515,239,805306377,239,191
3515,239,805306378,239,300
3515,239,805306379,239,328
3515,239,1073741824,239,327
3515,239,1073741825,239,299
3515,239,1073741826,239,190
3515,239,1073741827,239,152
3515,239,1073741828,239,97
3515,239,1073741829,239,91
3515,239,1073741830,239,87
3515,239,1073741831,239,84
3515,239,1073741832,239,79
3515,239,1073741833,239,75
3515,239,1073741834,239,58
3515,239,1073741835,239,53
3515,240,805306368,240,54
3515,240,805306369,240,64
3515,240,805306370,240,77
3515,240,805306371,240,80
3515,240,805306372,240,85
3515,240,805306373,240,87
3515,240,805306374,240,91
3515,240,805306375,240,98
3515,240,805306376,240,153
3515,240,805306377,240,190
3515,240,805306378,240,300
3515,240,805306379,240,324
3515,240,1073741824,240,323
3515,240,1073741825,240,299
3515,240,1073741826,240,189
3515,240,1073741827,240,152
3515,240,1073741828,240,97
3515,240,1073741829,240,90
3515,240,1073741830,240,86
3515,240,1073741831,240,84
3515,240,1073741832,240,79
3515,240,1073741833,240,76
3515,240,1073741834,240,63
3515,240,1073741835,240,53
3515,241,805306368,241,55
3515,241,805306369,241,66
3515,241,805306370,241,85
3515,241,805306371,241,87
3515,241,805306372,241,91
3515,241,805306373,241,97
3515,241,805306374,241,154
3515,241,805306375,241,190
3515,241,805306376,241,300
3515,241,805306377,241,319
3515,241,1073741824,241,318
3515,241,1073741825,241,299
3515,241,1073741826,241,189
3515,241,1073741827,241,153
3515,241,1073741828,241,96
3515,241,1073741829,241,90
3515,241,1073741830,241,86
3515,241,1073741831,241,84
3515,241,1073741832,241,65
3515,241,1073741833,241,54
3515,242,805306368,242,55
3515,242,805306369,242,69
3515,242,805306370,242,84
3515,242,805306371,242,86
3515,242,805306372,242,91
3515,242,805306373,242,93
3515,242,805306374,242,154
3515,242,805306375,242,189
3515,242,805306376,242,301
3515,242,805306377,242,313
3515,242,1073741824,242,312
3515,242,1073741825,242,300
3515,242,1073741826,242,188
3515,242,1073741827,242,153
3515,242,1073741828,242,92
3515,242,1073741829,242,90
3515,242,1073741830,242,85
3515,242,1073741831,242,83
3515,242,1073741832,242,68
3515,242,1073741833,242,54
3515,243,805306368,243,56
3515,243,805306369,243,72
3515,243,805306370,243,85
3515,243,805306371,243,86
3515,243,805306372,243,155
3515,243,805306373,243,189
3515,243,1073741824,243,188
3515,243,1073741825,243,154
3515,243,1073741826,243,85
3515,243,1073741827,243,84
3515,243,1073741828,243,71
3515,243,1073741829,243,55
3515,244,805306368,244,56
3515,244,805306369,244,74
3515,244,805306370,244,156
3515,244,805306371,244,188
3515,244,1073741824,244,187
3515,244,1073741825,244,155
3515,244,1073741826,244,73
3515,244,1073741827,244,55
3515,245,805306368,245,57
3515,245,805306369,245,76
3515,245,805306370,245,156
3515,245,805306371,245,188
3515,245,1073741824,245,187
3515,245,1073741825,245,155
3515,245,1073741826,245,75
3515,245,1073741827,245,56
3515,246,805306368,246,57
3515,246,805306369,246,76
3515,246,805306370,246,157
3515,246,805306371,246,188
3515,246,1073741824,246,187
3515,246,1073741825,246,156
3515,246,1073741826,246,75
3515,246,1073741827,246,56
3515,247,805306368,247,57
3515,247,805306369,247,76
3515,247,805306370,247,157
3515,247,805306371,247,187
3515,247,1073741824,247,186
3515,247,1073741825,247,156
3515,247,1073741826,247,75
3515,247,1073741827,247,56
3515,248,805306368,248,58
3515,248,805306369,248,74
3515,248,805306370,248,165
3515,248,805306371,248,187
3515,248,1073741824,248,186
3515,248,1073741825,248,164
3515,248,1073741826,248,73
3515,248,1073741827,248,57
3515,249,805306368,249,58
3515,249,805306369,249,73
3515,249,1073741824,249,72
3515,249,1073741825,249,57
3515,250,805306368,250,59
3515,250,805306369,250,71
3515,250,1073741824,250,70
3515,250,1073741825,250,58
3515,251,805306368,251,59
3515,251,805306369,251,70
3515,251,1073741824,251,69
3515,251,1073741825,251,58
3515,252,805306368,252,60
3515,252,805306369,252,69
3515,252,1073741824,252,68
3515,252,1073741825,252,59
3515,253,805306368,253,60
3515,253,805306369,253,68
3515,253,1073741824,253,67
3515,253,1073741825,253,59
3515,254,805306368,254,61
3515,254,805306369,254,67
3515,254,1073741824,254,66
3515,254,1073741825,254,60
3515,255,805306368,255,61
3515,255,805306369,255,66
3515,255,1073741824,255,65
3515,255,1073741825,255,60
3515,256,805306368,256,62
3515,256,805306369,256,65
3515,256,1073741824,256,64
3515,256,1073741825,256,61
3515,257,805306368,257,62
3515,257,805306369,257,64
3515,257,1073741824,257,63
3515,257,1073741825,257,61
3515,258,1879048192,258,0
3515,258,2147483648,258,359
3515,259,1879048192,259,0
3515,259,2147483648,259,359
3515,260,1879048192,260,0
3515,260,2147483648,260,359
3515,261,1879048192,261,0
3515,261,2147483648,261,359
3515,262,1879048192,262,0
3515,262,2147483648,262,359
3515,263,1879048192,263,0
3515,263,2147483648,263,359
3515,264,1879048192,264,0
3515,264,2147483648,264,359
3515,265,1879048192,265,0
3515,265,2147483648,265,359
3515,266,1879048192,266,0
3515,266,2147483648,266,359
3515,267,1879048192,267,0
3515,267,2147483648,267,359
3515,268,1879048192,268,0
3515,268,2147483648,268,359
3515,269,1879048192,269,0
3515,269,2147483648,269,359
3515,270,1879048192,270,0
3515,270,2147483648,270,359
3515,271,1879048192,271,0
3515,271,2147483648,271,359
3515,272,1879048192,272,0
3515,272,2147483648,272,359
3515,273,1879048192,273,0
3515,273,2147483648,273,359
3515,274,1879048192,274,0
3515,274,2147483648,274,359
3515,275,1879048192,275,0
3515,275,2147483648,275,359
3515,276,1879048192,276,0
3515,276,2147483648,276,359
3515,277,1879048192,277,0
3515,277,2147483648,277,359
3515,278,1879048192,278,0
3515,278,2147483648,278,359
3515,279,1879048192,279,0
3515,279,2147483648,279,359
3515,280,1879048192,280,0
3515,280,2147483648,280,359
3515,281,1879048192,281,0
3515,281,2147483648,281,359
3515,282,1879048192,282,0
3515,282,2147483648,282,359
3515,283,1879048192,283,0
3515,283,2147483648,283,359
3515,284,1879048192,284,0
3515,284,2147483648,284,359
3515,285,1879048192,285,0
3515,285,2147483648,285,359
3515,286,1879048192,286,0
3515,286,2147483648,286,359
3515,287,1879048192,287,0
3515,287,2147483648,287,359
3515,288,1879048192,288,0
3515,288,2147483648,288,359
3515,289,1879048192,289,0
3515,289,2147483648,289,359
3515,290,1879048192,290,0
3515,290,2147483648,290,359
3515,291,1879048192,291,0
3515,291,2147483648,291,359
3515,292,1879048192,292,0
3515,292,2147483648,292,359
3515,293,1879048192,293,0
3515,293,2147483648,293,359
3515,294,1879048192,294,0
3515,294,2147483648,294,359
3515,295,1879048192,295,0
3515,295,2147483648,295,359
3515,296,1879048192,296,0
3515,296,2147483648,296,359
3515,297,1879048192,297,0
3515,297,2147483648,297,359
3515,298,1879048192,298,0
3515,298,2147483648,298,359
3515,299,1879048192,299,0
3515,299,2147483648,299,359
3515,300,1879048192,300,0
3515,300,2147483648,300,359
3515,301,1879048192,301,0
3515,301,2147483648,301,359
3515,302,1879048192,302,0
3515,302,2147483648,302,359
3515,303,1879048192,303,0
3515,303,2147483648,303,359
3515,304,1879048192,304,0
3515,304,2147483648,304,359
3515,305,1879048192,305,0
3515,305,2147483648,305,359
3515,306,1879048192,306,0
3515,306,2147483648,306,359
3515,307,1879048192,307,0
3515,307,2147483648,307,359
3515,308,1879048192,308,0
3515,308,2147483648,308,359
3515,309,1879048192,309,0
3515,309,2147483648,309,359
3515,310,1879048192,310,0
3515,310,2147483648,310,359
3515,311,1879048192,311,0
3515,311,2147483648,311,359
3515,312,1879048192,312,0
3515,312,2147483648,312,359
3515,313,1879048192,313,0
3515,313,2147483648,313,359
3515,314,1879048192,314,0
3515,314,2147483648,314,359
3515,315,1879048192,315,0
3515,315,2147483648,315,359
3515,316,1879048192,316,0
3515,316,2147483648,316,359
3515,317,1879048192,317,0
3515,317,2147483648,317,359
3515,318,1879048192,318,0
3515,318,2147483648,318,359
3515,319,1879048192,319,0
3515,319,2147483648,319,359
3515,320,1879048192,320,0
3515,320,2147483648,320,359
3515,321,1879048192,321,0
3515,321,2147483648,321,359
3515,322,1879048192,322,0
3515,322,2147483648,322,359
3515,323,1879048192,323,0
3515,323,2147483648,323,359
3515,324,1879048192,324,0
3515,324,2147483648,324,359
3515,325,1879048192,325,0
3515,325,2147483648,325,359
3515,326,1879048192,326,0
3515,326,2147483648,326,359
3515,327,1879048192,327,0
3515,327,2147483648,327,359
3515,328,1879048192,328,0
3515,328,2147483648,328,359
3515,329,1879048192,329,0
3515,329,2147483648,329,359
3515,330,1879048192,330,0
3515,330,2147483648,330,359
3515,331,1879048192,331,0
3515,331,2147483648,331,359
3515,332,1879048192,332,0
3515,332,2147483648,332,359
3515,333,1879048192,333,0
3515,333,2147483648,333,359
3515,334,1879048192,334,0
3515,334,2147483648,334,359
3515,335,1879048192,335,0
3515,335,2147483648,335,359
3515,336,1879048192,336,0
3515,336,2147483648,336,359
3515,337,1879048192,337,0
3515,337,2147483648,337,359
3515,338,1879048192,338,0
3515,338,2147483648,338,359
3515,339,1879048192,339,0
3515,339,2147483648,339,359
3515,340,1879048192,340,0
3515,340,2147483648,340,359
3515,341,1879048192,341,0
3515,341,2147483648,341,359
3515,342,1879048192,342,0
3515,342,2147483648,342,359
3515,343,1879048192,343,0
3515,343,2147483648,343,359
3515,344,1879048192,344,0
3515,344,2147483648,344,359
3515,345,1879048192,345,0
3515,345,2147483648,345,359
3515,346,1879048192,346,0
3515,346,2147483648,346,359
3515,347,1879048192,347,0
3515,347,2147483648,347,359
3515,348,1879048192,348,0
3515,348,2147483648,348,359
3515,349,1879048192,349,0
3515,349,2147483648,349,359
3515,350,1879048192,350,0
3515,350,2147483648,350,359
3515,351,1879048192,351,0
3515,351,2147483648,351,359
3515,352,805306368,352,126
3515,352,805306369,352,130
3515,352,1073741824,352,129
3515,352,1073741825,352,125
3515,353,805306368,353,127
3515,353,805306369,353,134
3515,353,1073741824,353,133
3515,353,1073741825,353,126
3515,354,805306368,354,128
3515,354,805306369,354,137
3515,354,1073741824,354,136
3515,354,1073741825,354,127
3515,355,805306368,355,128
3515,355,805306369,355,141
3515,355,1073741824,355,140
3515,355,1073741825,355,127
3515,356,805306368,356,128
3515,356,805306369,356,145
3515,356,1073741824,356,144
3515,356,1073741825,356,127
3515,357,805306368,357,129
3515,357,805306369,357,149
3515,357,1073741824,357,148
3515,357,1073741825,357,128
3515,358,805306368,358,130
3515,358,805306369,358,154
3515,358,1073741824,358,153
3515,358,1073741825,358,129
3515,359,805306368,359,130
3515,359,805306369,359,155
3515,359,1073741824,359,154
3515,359,1073741825,359,129
3515,360,805306368,360,131
3515,360,805306369,360,155
3515,360,805306370,360,160
3515,360,805306371,360,165
3515,360,1073741824,360,164
3515,360,1073741825,360,159
3515,360,1073741826,360,154
3515,360,1073741827,360,130
3515,361,805306368,361,132
3515,361,805306369,361,155
3515,361,805306370,361,159
3515,361,805306371,361,172
3515,361,1073741824,361,171
3515,361,1073741825,361,158
3515,361,1073741826,361,154
3515,361,1073741827,361,131
3515,362,805306368,362,132
3515,362,805306369,362,155
3515,362,805306370,362,159
3515,362,805306371,362,179
3515,362,1073741824,362,178
3515,362,1073741825,362,158
3515,362,1073741826,362,154
3515,362,1073741827,362,131
3515,363,805306368,363,133
3515,363,805306369,363,155
3515,363,805306370,363,159
3515,363,805306371,363,187
3515,363,1073741824,363,186
3515,363,1073741825,363,158
3515,363,1073741826,363,154
3515,363,1073741827,363,132
3515,364,805306368,364,134
3515,364,805306369,364,155
3515,364,805306370,364,159
3515,364,805306371,364,197
3515,364,1073741824,364,196
3515,364,1073741825,364,158
3515,364,1073741826,364,154
3515,364,1073741827,364,133
3515,365,805306368,365,135
3515,365,805306369,365,155
3515,365,805306370,365,159
3515,365,805306371,365,208
3515,365,1073741824,365,207
3515,365,1073741825,365,158
3515,365,1073741826,365,154
3515,365,1073741827,365,134
3515,366,805306368,366,135
3515,366,805306369,366,155
3515,366,805306370,366,159
3515,366,805306371,366,214
3515,366,1073741824,366,213
3515,366,1073741825,366,158
3515,366,1073741826,366,154
3515,366,1073741827,366,134
3515,367,805306368,367,136
3515,367,805306369,367,155
3515,367,805306370,367,159
3515,367,805306371,367,220
3515,367,1073741824,367,219
3515,367,1073741825,367,158
3515,367,1073741826,367,154
3515,367,1073741827,367,135
3515,368,805306368,368,137
3515,368,805306369,368,155
3515,368,805306370,368,159
3515,368,805306371,368,225
3515,368,1073741824,368,224
3515,368,1073741825,368,158
3515,368,1073741826,368,154
3515,368,1073741827,368,136
3515,369,805306368,369,137
3515,369,805306369,369,154
3515,369,805306370,369,159
3515,369,805306371,369,230
3515,369,1073741824,369,229
3515,369,1073741825,369,158
3515,369,1073741826,369,153
3515,369,1073741827,369,136
3515,370,805306368,370,138
3515,370,805306369,370,154
3515,370,805306370,370,158
3515,370,805306371,370,236
3515,370,1073741824,370,235
3515,370,1073741825,370,157
3515,370,1073741826,370,153
3515,370,1073741827,370,137
3515,371,805306368,371,139
3515,371,805306369,371,154
3515,371,805306370,371,158
3515,371,805306371,371,242
3515,371,1073741824,371,241
3515,371,1073741825,371,157
3515,371,1073741826,371,153
3515,371,1073741827,371,138
3515,372,805306368,372,140
3515,372,805306369,372,154
3515,372,805306370,372,158
3515,372,805306371,372,247
3515,372,1073741824,372,246
3515,372,1073741825,372,157
3515,372,1073741826,372,153
3515,372,1073741827,372,139
3515,373,805306368,373,140
3515,373,805306369,373,154
3515,373,805306370,373,158
3515,373,805306371,373,253
3515,373,1073741824,373,252
3515,373,1073741825,373,157
3515,373,1073741826,373,153
3515,373,1073741827,373,139
3515,374,805306368,374,141
3515,374,805306369,374,154
3515,374,805306370,374,158
3515,374,805306371,374,258
3515,374,1073741824,374,257
3515,374,1073741825,374,157
3515,374,1073741826,374,153
3515,374,1073741827,374,140
3515,375,805306368,375,142
3515,375,805306369,375,154
3515,375,805306370,375,158
3515,375,805306371,375,264
3515,375,1073741824,375,263
3515,375,1073741825,375,157
3515,375,1073741826,375,153
3515,375,1073741827,375,141
3515,376,805306368,376,143
3515,376,805306369,376,154
3515,376,805306370,376,158
3515,376,805306371,376,270
3515,376,1073741824,376,269
3515,376,1073741825,376,157
3515,376,1073741826,376,153
3515,376,1073741827,376,142
3515,377,805306368,377,144
3515,377,805306369,377,154
3515,377,805306370,377,158
3515,377,805306371,377,275
3515,377,1073741824,377,274
3515,377,1073741825,377,157
3515,377,1073741826,377,153
3515,377,1073741827,377,143
3515,378,805306368,378,145
3515,378,805306369,378,154
3515,378,805306370,378,158
3515,378,805306371,378,281
3515,378,1073741824,378,280
3515,378,1073741825,378,157
3515,378,1073741826,378,153
3515,378,1073741827,378,144
3515,379,805306368,379,146
3515,379,805306369,379,153
3515,379,805306370,379,158
3515,379,805306371,379,288
3515,379,1073741824,379,287
3515,379,1073741825,379,157
3515,379,1073741826,379,152
3515,379,1073741827,379,145
3515,380,805306368,380,147
3515,380,805306369,380,153
3515,380,805306370,380,158
3515,380,805306371,380,291
3515,380,1073741824,380,290
3515,380,1073741825,380,157
3515,380,1073741826,380,152
3515,380,1073741827,380,146
3515,381,805306368,381,148
3515,381,805306369,381,153
3515,381,805306370,381,157
3515,381,805306371,381,295
3515,381,1073741824,381,294
3515,381,1073741825,381,156
3515,381,1073741826,381,152
3515,381,1073741827,381,147
3515,382,805306368,382,148
3515,382,805306369,382,153
3515,382,805306370,382,157
3515,382,805306371,382,298
3515,382,1073741824,382,297
3515,382,1073741825,382,156
3515,382,1073741826,382,152
3515,382,1073741827,382,147
3515,383,805306368,383,149
3515,383,805306369,383,153
3515,383,805306370,383,157
3515,383,805306371,383,301
3515,383,1073741824,383,300
3515,383,1073741825,383,156
3515,383,1073741826,383,152
3515,383,1073741827,383,148
3515,384,805306368,384,150
3515,384,805306369,384,153
3515,384,805306370,384,157
3515,384,805306371,384,304
3515,384,1073741824,384,303
3515,384,1073741825,384,156
3515,384,1073741826,384,152
3515,384,1073741827,384,149
3515,385,805306368,385,151
3515,385,805306369,385,153
3515,385,805306370,385,157
3515,385,805306371,385,307
3515,385,1073741824,385,306
3515,385,1073741825,385,156
3515,385,1073741826,385,152
3515,385,1073741827,385,150
3515,386,805306368,386,157
3515,386,805306369,386,311
3515,386,1073741824,386,310
3515,386,1073741825,386,156
3515,387,805306368,387,157
3515,387,805306369,387,314
3515,387,1073741824,387,313
3515,387,1073741825,387,156
3515,388,805306368,388,157
3515,388,805306369,388,316
3515,388,1073741824,388,315
3515,388,1073741825,388,156
3515,389,805306368,389,157
3515,389,805306369,389,319
3515,389,1073741824,389,318
3515,389,1073741825,389,156
3515,390,805306368,390,158
3515,390,805306369,390,322
3515,390,1073741824,390,321
3515,390,1073741825,390,157
3515,391,805306368,391,158
3515,391,805306369,391,325
3515,391,1073741824,391,324
3515,391,1073741825,391,157
3515,392,805306368,392,159
3515,392,805306369,392,327
3515,392,1073741824,392,326
3515,392,1073741825,392,158
3515,393,805306368,393,159
3515,393,805306369,393,330
3515,393,1073741824,393,329
3515,393,1073741825,393,158
3515,394,805306368,394,160
3515,394,805306369,394,333
3515,394,1073741824,394,332
3515,394,1073741825,394,159
3515,395,805306368,395,161
3515,395,805306369,395,336
3515,395,1073741824,395,335
3515,395,1073741825,395,160
3515,396,805306368,396,162
3515,396,805306369,396,338
3515,396,1073741824,396,337
3515,396,1073741825,396,161
3515,397,805306368,397,163
3515,397,805306369,397,341
3515,397,1073741824,397,340
3515,397,1073741825,397,162
3515,398,805306368,398,164
3515,398,805306369,398,344
3515,398,1073741824,398,343
3515,398,1073741825,398,163
3515,399,805306368,399,165
3515,399,805306369,399,346
3515,399,1073741824,399,345
3515,399,1073741825,399,164
3515,400,805306368,400,166
3515,400,805306369,400,349
3515,400,1073741824,400,348
3515,400,1073741825,400,165
3515,401,805306368,401,167
3515,401,805306369,401,352
3515,401,1073741824,401,351
3515,401,1073741825,401,166
3515,402,805306368,402,167
3515,402,805306369,402,175
3515,402,805306370,402,176
3515,402,805306371,402,355
3515,402,1073741824,402,354
3515,402,1073741825,402,175
3515,402,1073741826,402,174
3515,402,1073741827,402,166
3515,403,805306368,403,171
3515,403,805306369,403,177
3515,403,805306370,403,180
3515,403,805306371,403,357
3515,403,1073741824,403,356
3515,403,1073741825,403,179
3515,403,1073741826,403,176
3515,403,1073741827,403,170
3515,404,805306368,404,179
3515,404,1073741824,404,178
3515,405,805306368,405,180
3515,405,805306369,405,183
3515,405,805306370,405,185
3515,405,1073741824,405,184
3515,405,1073741825,405,182
3515,405,1073741826,405,179
3515,406,805306368,406,187
3515,406,1073741824,406,186
3515,407,805306368,407,167
3515,407,805306369,407,172
3515,407,805306370,407,189
3515,407,1073741824,407,188
3515,407,1073741825,407,171
3515,407,1073741826,407,166
3515,408,805306368,408,168
3515,408,805306369,408,176
3515,408,805306370,408,191
3515,408,1073741824,408,190
3515,408,1073741825,408,175
3515,408,1073741826,408,167
3515,409,805306368,409,168
3515,409,805306369,409,179
3515,409,805306370,409,193
3515,409,1073741824,409,192
3515,409,1073741825,409,178
3515,409,1073741826,409,167
3515,410,805306368,410,168
3515,410,805306369,410,181
3515,410,805306370,410,194
3515,410,1073741824,410,193
3515,410,1073741825,410,180
3515,410,1073741826,410,167
3515,411,805306368,411,168
3515,411,805306369,411,183
3515,411,805306370,411,195
3515,411,1073741824,411,194
3515,411,1073741825,411,182
3515,411,1073741826,411,167
3515,412,805306368,412,169
3515,412,805306369,412,185
3515,412,805306370,412,196
3515,412,1073741824,412,195
3515,412,1073741825,412,184
3515,412,1073741826,412,168
3515,413,805306368,413,169
3515,413,805306369,413,187
3515,413,805306370,413,197
3515,413,1073741824,413,196
3515,413,1073741825,413,186
3515,413,1073741826,413,168
3515,414,805306368,414,169
3515,414,805306369,414,189
3515,414,805306370,414,199
3515,414,1073741824,414,198
3515,414,1073741825,414,188
3515,414,1073741826,414,168
3515,415,805306368,415,169
3515,415,805306369,415,190
3515,415,805306370,415,199
3515,415,1073741824,415,198
3515,415,1073741825,415,189
3515,415,1073741826,415,168
3515,416,805306368,416,170
3515,416,805306369,416,191
3515,416,805306370,416,200
3515,416,1073741824,416,199
3515,416,1073741825,416,190
3515,416,1073741826,416,169
3515,417,805306368,417,170
3515,417,805306369,417,193
3515,417,805306370,417,201
3515,417,1073741824,417,200
3515,417,1073741825,417,192
3515,417,1073741826,417,169
3515,418,805306368,418,170
3515,418,805306369,418,194
3515,418,805306370,418,202
3515,418,1073741824,418,201
3515,418,1073741825,418,193
3515,418,1073741826,418,169
3515,419,805306368,419,171
3515,419,805306369,419,195
3515,419,805306370,419,203
3515,419,1073741824,419,202
3515,419,1073741825,419,194
3515,419,1073741826,419,170
3515,420,805306368,420,171
3515,420,805306369,420,196
3515,420,805306370,420,204
3515,420,1073741824,420,203
3515,420,1073741825,420,195
3515,420,1073741826,420,170
3515,421,805306368,421,171
3515,421,805306369,421,197
3515,421,805306370,421,205
3515,421,1073741824,421,204
3515,421,1073741825,421,196
3515,421,1073741826,421,170
3515,422,805306368,422,171
3515,422,805306369,422,198
3515,422,805306370,422,205
3515,422,1073741824,422,204
3515,422,1073741825,422,197
3515,422,1073741826,422,170
3515,423,805306368,423,172
3515,423,805306369,423,199
3515,423,805306370,423,206
3515,423,1073741824,423,205
3515,423,1073741825,423,198
3515,423,1073741826,423,171
3515,424,805306368,424,172
3515,424,805306369,424,200
3515,424,805306370,424,207
3515,424,1073741824,424,206
3515,424,1073741825,424,199
3515,424,1073741826,424,171
3515,425,805306368,425,172
3515,425,805306369,425,201
3515,425,805306370,425,207
3515,425,1073741824,425,206
3515,425,1073741825,425,200
3515,425,1073741826,425,171
3515,426,805306368,426,173
3515,426,805306369,426,201
3515,426,805306370,426,208
3515,426,1073741824,426,207
3515,426,1073741825,426,200
3515,426,1073741826,426,172
3515,427,805306368,427,173
3515,427,805306369,427,202
3515,427,805306370,427,208
3515,427,1073741824,427,207
3515,427,1073741825,427,201
3515,427,1073741826,427,172
3515,428,805306368,428,174
3515,428,805306369,428,203
3515,428,805306370,428,209
3515,428,1073741824,428,208
3515,428,1073741825,428,202
3515,428,1073741826,428,173
3515,429,805306368,429,174
3515,429,805306369,429,203
3515,429,805306370,429,210
3515,429,1073741824,429,209
3515,429,1073741825,429,202
3515,429,1073741826,429,173
3515,430,805306368,430,174
3515,430,805306369,430,204
